text,label
Climate change is not making natural disasters worse,1
The Champ is back!! {@Conor McGregor@} now {@Jorge Masvidal UFC@} is next?? #ufc #UFC246 #fightnight,0
Why do you use {{USERNAME}} ? What do you use {{USERNAME}} for the most?  Will randomly pick 5 answers and award 4 #MATIC each in a few hours  _____________________ {{USERNAME}} mon 0.1 250 #MATIC,0
This better positions the Fund to invest in climate change-related opportunities.,1
CO2 limits won't cool the planet,1
"They concluded that trends toward rising climate damages were mainly due to increased population and economic activity in the path of storms, that it was not currently possible to determine the portion of damages attributable to greenhouse gases, and that they didn’t expect that situation to change in the near future.",1
"Beginning in 2005, however, polar ice modestly receded for several years.",1
"In this way, Catena enables more cost-effective and environmentally efficient logistics.",1
"Devastated to learn that my friend Stuart Low {{USERNAME}} passed away suddenly last week. Please keep his family in his thoughts, it s a horrible time.",0
"Even if the warming were as big as the IPCC imagines, it would not be as dangerous as Mr. Brown suggests.",1
Pretty sure I just saw {{USERNAME}} on UFC 245,0
"Far from contradicting global warming, record snowfall is predicted by climate models and consistent with our expectation of more extreme precipitation events.",1
Then and now: Arctic sea-ice feeling the heat {{URL}} via {@Yahoo@},0
"When all forcings are combined, they show good correlation to global temperature throughout the 20th century including the mid-century cooling period.",1
"Conserving biodiversity and minimising its impacts is of prime importance not just for compliance, but for ensuring long-term co-existence within our surroundings.",1
Happy Day Light Savings!  Today we want to thank the awesome physicians from {{USERNAME}} that provide coverage for our teams and help us keep our athletes at their best! #gopack  #NATM2020,0
Satellite and surface measurements find less energy is escaping to space at CO2 absorption wavelengths.,1
94 percent of the carbon emissions which you so want to get rid of are caused by nature.,1
"Tree-ring proxy reconstructions are reliable before 1960, tracking closely with the instrumental record and other independent proxies.",1
"More specifically, around 95% of active climate researchers actively publishing climate papers endorse the consensus position.",1
Why we shouldn’t worry about Covid vaccine blood clots {{URL}} via {@Financial Times@},0
Earth about to enter 30-YEAR ‘Mini Ice Age’,1
"Temperatures in the Arctic have soared recently, and scientists are struggling to explain exactly why.",1
Heat is continuing to build up in the subsurface ocean.,1
"These were the biggest street style stars of the decade, from {@Rihanna@} to {@Gigi Hadid@} : {{URL}} ",0
"AXA was the first global investor to initiate divestment from coal, and the first to phase out the insurance coverage of coal clients.",1
"To prevent these problems, we promote the establishment of social systems for appropriate treatment of End-of-life vehicles, using our long-established technologies and Video manual on hydrogen gas removal know-how to not impose environmental load.",1
[Mixtape] The Lox Vs Dipset :: #GetItLIVE! {{URL}} {@LiveMixtapes@} {{USERNAME}} {{USERNAME}},0
Yo no gas I m so happy Izzy & My Polish Brick House came mad correct in the fight bubble! Bout that action finally  #UFC253 #IzzyLikeThatFrFr {@Israel Adesanya@},0
global warming ceased around the end of the twentieth century and was followed ( since 1997 ) by 19 years of stable temperature.,1
Great half of football that. Really enjoyable. {@Sevilla FC@} been excellent as expected but there will be chances at either end. How good has Fred been? Recovered so many balls. Williams continuing to grow too #mufc,0
"In addition to environmental protection activities to achieve carbon neutral status, we are also engaged in disaster prevention awareness activities, disaster recovery assistance and support for people with disabilities.",1
Kansas City Chiefs Go Shopping For Sneakers With CoolKicks {{URL}} via {@YouTube@} {{USERNAME}},0
"Globally averaged thermometers show two periods of warming since 1900 : a half-degree from natural causes in the first half of the 20th century, before there was an increase in industrial carbon dioxide that was enough to produce it, and another half-degree in the last quarter of the century.",1
"Warming of the climate system is unequivocal, and since the 1950s, many of the observed changes are unprecedented over decades to millennia.",1
WBA Bout: Anthony Joshua defeat&#039;s Andy Ruiz Jnr {{URL}} via {@WordPress com@},0
This increase is the result of humans emitting more carbon dioxide into the atmosphere and hence more being absorbed into the oceans.,1
The news of expanding Antarctic sea ice stole headlines from global warming alarmists who asserted Arctic sea ice had reached its lowest extent since 1979.',1
"On Feb. 7, several major newspapers carried stories of the declaration by NASA and NOAA that the past five years have been the warmest on record.",1
VERBUND’s target is to reduce the energy intensity in 2021 by 25% compared with 2015.,1
Each unit of CO2 you put into the atmosphere has less and less of a warming impact.,1
"With the Group's 2030 carbon emission reduction goal for our own operations met, the Board also considered the development of new internal carbon, energy and travel targets.",1
"When we do the calculations and include all radiative forcings and the amount of heat being absorbed by the oceans, it shows that the Earth has warmed almost exactly as much as we would expect.",1
"[ … ] Killing 30 million bats every year in response to dubious claims that global warming might once in a great while kill 100,000 bats makes no sense.”",1
SOCCER CHANGES TODAY vs {{USERNAME}} JV moved back to 5 today and varsity to 6 30 instead of 4 30 and 6. JV game shortened to 30 min halves running clock and both games mandatory water breaks.,0
"Dear Lord, people. It s been 3 days. We ve played baseball. We ve covered the whole Bhagdadi thing. We re praying for the fire fighters.  Where is the badass analysis of the 75 pg Howell opinion?  Please. Thanks. {@Matthew Miller@} {@Mimi Rocah@} {@Harry Litman@} {@Preet Bharara@} {@Laurence Tribe@} ",0
Climate policy must compete with other long-term threats for always-scarce resources.”,1
Continued greenhouse gas emissions at or above current rates would cause further warming and induce many changes in the global climate system during the 21st century that would very likely be larger than those observed during the 20th century.,1
"Open {@Spotify@} And discover this brilliant ( New Song  Love & Life. By the fantastic TERRAWAY  ( {{USERNAME}} TERRAWAY are a young promising indie / alternative - rock four - piece hailing from Glasgow, Scotland! {{URL}} ",0
"The contrast in precipitation between wet and dry regions and between wet and dry seasons will increase, although there may be regional exceptions.",1
#nowplaying the blues by red eye$ hiii via {@Audiomack@} {{URL}},0
" | It s half-term for Manchester United, so how would we grade the Red Devils over the first half of the season?  My latest piece for {@VAVEL@} grades #MUFC as the second half of the campaign is set to kick off... {{URL}} ",0
"The Pakistan Cricket Board (PCB) has launched a campaign, Hamaray Heroes, to honour the country s unsung heroes who ve done plenty to make the country s flag fly high around the world.  Weldon {@PCB Media@} ",0
"A smashing debut winner in late April, Kimari was beaten just a head at Royal Ascot before a four-length triumph at Saratoga.  Today, Wesley Ward will send out favored Kimari in the $200,000 Indian Summer on the Keeneland turf, writes {{USERNAME}} . {{URL}} ",0
Yo tell your mom i said happy mothers day {{USERNAME}} ‼️,0
"Combat climate change – as part of its com- mitment to this goal, following the results of climate- impact risk analyses of its portfolios, the Fund no longer invests in 48 companies.",1
"We will collaborate with various corporations with a view to realizing a low-carbon society, working to develop and popularize domestic renewable energy power sources by participating in investment funds and related activities.",1
( Multiplying .95 by itself 15 times yields 46.3 percent. )”,1
"This means the jet stream meanders more, with big loops bringing warm air to the frozen north and cold air into warmer southern climes.”",1
"The human fingerprint in global warming is evident in multiple lines of empirical evidence - in satellite measurements of outgoing infrared radiation, in surface measurements of downward infrared radiation, in the cooling stratosphere and other metrics.",1
‘ {@K104@} Sports w/ {{USERNAME}} : Dallas Cowboys #DallasCowboys vs. Green Bay Packers #GoPackGo - Week 5 #GBvsDAL’ on #SoundCloud #np #k104 #NFL100 {{URL}},0
"As an example, our VOC products, we're starting that unit up and have very strong expectations that, that unit will fill very rapidly, as Chinese consumers are after environmental quality and health impacts that come with low VOC products.",1
"Potential future socio-economic impact is mostly aligned with the Shared Socioeconomic Pathways (SSP)1 Sustainability scenario, in which a gradual but pervasive shift towards sustainable development occurs that respects environmental boundaries.",1
"In a paper published online this week in the Journal of Geophysical Research-Atmosphere, economics professor Ross McKitrick says the resulting discrepancies may be leading to an overstatement of the role of greenhouse gases in the atmosphere.",1
"In the last 35 years of global warming, sun and climate have been going in opposite directions.",1
Everyone watch {@Newsmax@} which is live with their New Years Eve special. {{URL}},0
Happy Draft Day!   Join our Browns Virtual Draft Party + register for a chance to win a {@Baker Mayfield@} replica game jersey » {{URL}} {{URL}},0
"The Executive Board approves carbon-related goals as part of the Sustainability Strategy and the Health, Safety, Security, and Environment (HSSE) Strategy, which reflects climate change targets, such as zero routine flaring by 2030.",1
the world is barely half a degree Celsius ( 0.9 degrees Fahrenheit ) warmer than it was about 35 years ago,1
"In fact, the trend, while not statistically significant, is downward.”",1
Many of the world’s coral reefs are already barren or in a state of constant decline.,1
"Storming ballot result {@Thompsons Solicitors@} 89% in favour of strike action on a 72% turnout.  Your staff do amazing work for our members and the entire labour movement, we are all lucky to have them and they should be properly rewarded for the work they do #leadbyexample",0
"The warmer the planet gets, the more ozone forms, and by mid-century, Americans will likely suffer a 70 percent increase in unhealthy ozone smog, the National Center for Atmospheric Research has projected.",1
"In regard to “develop environmental and emission-free businesses into core businesses,” I believe that offering LNG-based solutions will be the key to tackling issues related to greenhouse gases and SOx, on the part of the marine transport industry.",1
Energy G4-DMA We are constantly seeking to increase the en- ergy efficiency of our production processes with- in our business and to expand the use of renew- able resources in our energy mix.,1
"While there are isolated cases of growing glaciers, the overwhelming trend in glaciers worldwide is retreat.",1
Congrats to {{USERNAME}} for signing with the {@Miami Dolphins@} Your Hard work and Great attitude will pay off for you! So excited for you and your family! #mck #chicago #NFL,0
Toyota Boshoku Shiga measured the heat-up time for equipment over a year and endeavoured to reduce power consumption through optimum heat-up time.,1
"The winter solstice, and how you can watch Monday s  great conjunction  {{URL}} via {@KARE 11@} ",0
"Flowing to {@Liquid Stranger@} at lost lands was one of the most euphoric feelings I’ve ever had at a concert, or ever. I felt so in tune with the universe and the music. And felt one with the music and crowd ",0
"Seriously CNN, what is happening? Our country is struggling because of a pandemic caused by the CCP, and you take this time to push for tourism to China?   “My three-week, life-changing trip to China, which spurred a year of travel” {{URL}} via {@CNN Travel@} ",0
Drew Brees  I will NEVER disrespect the flag by kneeling.  {{URL}} via {@YouTube@} Why don’t you watch the whole video,0
"The Petition Project features over 31,000 scientists signing the petition stating There is no convincing scientific evidence that human release of carbon dioxide will, in the forseeable future, cause catastrophic heating of the Earth's atmosphere ....",1
"Data from NOAA’s Barrow Alaska station ‘indicate that October through December emissions of CO2 from surrounding tundra increased by 73 percent since 1975, supporting the view that rising temperatures have made Arctic ecosystems a net source of CO2.’”",1
"Arctic sea ice has shrunk by an area equal to Western Australia, and summer or multi-year sea ice might be all gone within a decade.",1
The extreme cycles of dry and wet weather appear to have been intensifying over the last three decades.,1
"U.S. Pays $1 Billion into Green Climate Fund, Top Polluters Pay Nothing",1
"after a natural orbitally driven warming, atmospheric carbon dioxide content increases 800 years later",1
Brown now has 10 TD s this season...seven through the ground game.   Cal also has scored twice inside the red zone tonight...continuing UCLA s woes inside the 20-yard line. {{USERNAME}} {{USERNAME}} {{USERNAME}},0
Stream Later Tonight!! When I get back from seeing this Joker Movie!!! And if {{USERNAME}} up for the Main Event to play Let’s make it happen!!,0
"#NowPlaying ♫ #Np {@DJ KHALED@} F/ {@iamcardib@} x {@Saint Laurent Don@} - WISH WISH  ♫ at {{URL}} Listen LIVE {{URL}} {{URL}} Wake Up To {@Notorious VOG@} In The Morning #NITM☕ M-F 6:30-11a, {{USERNAME}} Urban Talk, News, Laughs & More!",0
"While members of the media may nod along to such claims [ about changes in weather extremes ], the evidence paints a different story",1
"Putting this season in perspective, the Rams had two 1k receivers, Goff easily surpassed 4k, Donald/Fowler each with 11+ sacks, Gurley with 13+ TD’s in limited touches. But, this team obviously underperformed for a variety of reasons. Not just one key thing. {@J B Long@} ",0
"In addition, we successfully developed FENC® TOPGREEN® Membrane, the world’s first waterproof breathable polyester membrane made from recycled material, which was awarded Top 10 at ISPO Textrends 2020.",1
“pure. poetic. utmost passionate. never dying. tangible. forever young. selfish. you. desire. then it all just stopped. i’d never thought we’d come to this.”  #GoneMVRelease {@BLACKPINKOFFICIAL@},0
Felt like checking out Batman ‘89 tonight.. pulled it up on {@HBO Max@} . They really need to get better quality streams. Pretty sure a standard DVD has better image quality.,0
"Altuve- “First off I wanna thank God and the fans and we deserved to be in the World Series because my team has been working really hard” send his team to the World Series, and puts everyone above him {@Jose Altuve@} you are the man!",0
"Two years ago, 3M launched a 75% recycled product using a two-fiber blend. “",1
[ NASA ] has been adjusting temperatures from the past[ ... ],1
"66 Countries Eni is an integrated energy company looking to the long-term, aiming to play a decisive role in the energy transition to a low carbon future.",1
